class,real_count,synthetic_count,real_prop,synthetic_prop,abs_prop_diff
0,229787,16663,0.9058144118574583,0.83315,0.07266441185745831
1,23893,3337,0.09418558814254178,0.16685,0.07266441185745821
