class,real_count,synthetic_count,real_prop,synthetic_prop,abs_prop_diff
Distant,92,156,0.02286282306163022,0.03876739562624255,0.015904572564612328
Regional,3932,3868,0.9771371769383698,0.9612326043737575,0.015904572564612307
