class,real_count,synthetic_count,real_prop,synthetic_prop,abs_prop_diff
0,229787,16590,0.9058144118574583,0.8295,0.07631441185745824
1,23893,3410,0.09418558814254178,0.1705,0.07631441185745823
