pmse,domain_classifier_auroc,domain_classifier_logloss
0.0037058197565793816,0.7177606874381606,0.24088231605242427
