tstr_accuracy,tstr_f1_macro,tstr_f1_weighted,tstr_auroc,tstr_auroc_eval_coverage
0.8032095426933826,0.4198722169358237,0.8354400862777279,0.8223544339139286,0.9999960580413985
