class,real_count,synthetic_count,real_prop,synthetic_prop,abs_prop_diff
0,229787,17283,0.9058144118574583,0.86415,0.04166441185745828
1,23893,2717,0.09418558814254178,0.13585,0.041664411857458214
