class,real_count,synthetic_count,real_prop,synthetic_prop,abs_prop_diff
0,229787,17743,0.9058144118574583,0.88715,0.018664411857458263
1,23893,2257,0.09418558814254178,0.11285,0.01866441185745822
