class,real_count,synthetic_count,real_prop,synthetic_prop,abs_prop_diff
Distant,92,146,0.02286282306163022,0.03628230616302187,0.013419483101391648
Regional,3932,3878,0.9771371769383698,0.9637176938369781,0.013419483101391627
