pmse,domain_classifier_auroc,domain_classifier_logloss
0.0009589659582070117,0.5344180628447207,0.6898758954745886
