class_abs_prop_diff_mean,class_abs_prop_diff_max,tail_abs_diff_mean,univariate_outlier_rate_gap_mean,univariate_outlier_rate_gap_max,mean_abs_spearman_corr_diff,ks_stat_mean,ks_stat_max,ks_pvalue_mean,real_iforest_outlier_rate,synthetic_iforest_outlier_rate,iforest_outlier_rate_gap,real_iforest_score_mean,synthetic_iforest_score_mean,nn_distance_mean,nn_distance_median,nn_distance_p95,nn_near_duplicate_rate_dlt_1e-6,range_violation_rate_below_min,range_violation_rate_above_max,binary_constraint_violation_rate,pmse,domain_classifier_auroc,domain_classifier_logloss,tstr_accuracy,tstr_f1_macro,tstr_f1_weighted,tstr_auroc,tstr_auroc_eval_coverage,outlier_recall,outlier_precision,outlier_affiliation_f1_proxy,outlier_auc_pr,outlier_auc_pr_improvement_vs_real_reference
0.01805555555555558,0.018055555555555602,0.09367197904761919,0.0034251607567064753,0.02671313938197825,0.016823720869232072,0.010294428606645298,0.03069351961408373,0.23840467500204623,0.04999980290206992,0.042314902414240164,0.007684900487829757,0.11859702787330709,0.1177254324574756,0.8911863837907165,0.6881485462231862,2.420819580152501,0.11801394582851536,0.0,0.0,0.0,0.0009589659582070117,0.5344180628447207,0.6898758954745886,0.7334092817357232,0.39845111599165367,0.7873387671139184,0.8427309069449489,0.9999960580413985,0.9127246925260171,0.9127246925260171,0.9127246925260171,0.9783374301880661,-0.02166256981193393
