tstr_accuracy,tstr_f1_macro,tstr_f1_weighted,tstr_auroc,tstr_auroc_eval_coverage
0.7334092817357232,0.39845111599165367,0.7873387671139184,0.8427309069449489,0.9999960580413985
