,Acc,AUC,F1_Score
lr,1.3194444444444429,0.184440970055598,0.15955481218393303
dt,17.083333333333343,0.483373179743534,0.48746429324247537
rf,7.013888888888886,0.1616513941569504,0.5044047441856958
mlp,3.2638888888889,0.2685671417854463,0.32532069963311133
svm,1.25,0.4628937608233834,0.14714073418621226
