class,real_count,synthetic_count,real_prop,synthetic_prop,abs_prop_diff
0,229787,17124,0.9058144118574583,0.8562,0.049614411857458296
1,23893,2876,0.09418558814254178,0.1438,0.04961441185745823
