class,real_count,synthetic_count,real_prop,synthetic_prop,abs_prop_diff
0,229787,17642,0.9058144118574583,0.8821,0.023714411857458262
1,23893,2358,0.09418558814254178,0.1179,0.02371441185745822
