class,real_count,synthetic_count,real_prop,synthetic_prop,abs_prop_diff
0,229787,16175,0.9058144118574583,0.80875,0.09706441185745829
1,23893,3825,0.09418558814254178,0.19125,0.09706441185745822
