class,real_count,synthetic_count,real_prop,synthetic_prop,abs_prop_diff
Distant,92,50,0.02286282306163022,0.013808340237503451,0.009054482824126768
Regional,3932,3571,0.9771371769383698,0.9861916597624966,0.009054482824126797
