class,real_count,synthetic_count,real_prop,synthetic_prop,abs_prop_diff
0,229787,17145,0.9058144118574583,0.85725,0.0485644118574583
1,23893,2855,0.09418558814254178,0.14275,0.0485644118574582
