DCR between Real and Fake (5th perc),DCR within Real (5th perc),DCR within Fake (5th perc),NNDR between Real and Fake (5th perc),NNDR within Real (5th perc),NNDR within Fake (5th perc)
0.4382624011719872,0.3023628946303864,0.3854684938039745,0.5393422253697725,0.3951801892326367,0.5197635266442229
