,Acc,AUC,F1_Score
lr,-0.5555555555555571,0.006877887696222995,-0.07841969077434197
dt,8.055555555555557,0.2884856728200742,0.29256446246252465
rf,3.819444444444443,0.06113677952198315,0.17683539377427526
mlp,0.06944444444445708,0.0009184539125435265,0.004369696262107481
svm,0.48611111111111427,0.040611788461134,0.03869408874114888
