class,real_count,synthetic_count,real_prop,synthetic_prop,abs_prop_diff
0,229787,131726,0.9058144118574583,0.5769560951680157,0.32885831668944254
1,23893,96586,0.09418558814254178,0.4230439048319843,0.3288583166894425
