outlier_recall,outlier_precision,outlier_affiliation_f1_proxy,outlier_auc_pr,outlier_auc_pr_improvement_vs_real_reference
0.5057552822453485,0.5057552822453485,0.5057552822453485,0.5071723677217694,-0.49282763227823057
