pmse,domain_classifier_auroc,domain_classifier_logloss
0.2051665281917448,0.9851610563815141,0.15299810796104737
