tstr_accuracy,tstr_f1_macro,tstr_f1_weighted,tstr_auroc,tstr_auroc_eval_coverage
0.3578588857659817,0.2153780162972133,0.4476246061038811,0.545443932490729,0.9999960580413985
