class,real_count,synthetic_count,real_prop,synthetic_prop,abs_prop_diff
0,229787,202686,0.9058144118574583,0.8877588563019027,0.018055555555555602
1,23893,25626,0.09418558814254178,0.11224114369809735,0.01805555555555556
