,Acc,AUC,F1_Score
lr,1.0999999999999943,0.027449151493808666,-0.05707927194232476
dt,9.024999999999991,0.0053522624025256205,0.044923264074472224
rf,2.200000000000003,0.030793537603478027,-0.02100128502621179
mlp,1.1749999999999972,0.04636235779220743,-0.02771758614199671
svm,0.875,-0.02064580037207031,-0.07917745195070963
