,Acc,AUC,F1_Score
lr,1.1499999999999915,0.010048533133802606,-0.05303325530812597
dt,4.074999999999989,-0.034540963238841815,2.1918561236233813e-05
rf,1.6499999999999915,0.003993788578863011,-0.03739209844991209
mlp,1.9250000000000114,0.010760166955737449,-0.03619447237346196
svm,0.2749999999999915,-0.058549086992842,-0.09070263494601566
