class,real_count,synthetic_count,real_prop,synthetic_prop,abs_prop_diff
Distant,92,231,0.02286282306163022,0.05740556660039761,0.03454274353876739
Regional,3932,3793,0.9771371769383698,0.9425944333996024,0.034542743538767406
