class,real_count,synthetic_count,real_prop,synthetic_prop,abs_prop_diff
0,229787,206429,0.9058144118574583,0.9041530887557377,0.0016613231017205132
1,23893,21883,0.09418558814254178,0.09584691124426224,0.0016613231017204577
