class,real_count,synthetic_count,real_prop,synthetic_prop,abs_prop_diff
0,229787,15975,0.9058144118574583,0.79875,0.1070644118574583
1,23893,4025,0.09418558814254178,0.20125,0.10706441185745823
