pmse,domain_classifier_auroc,domain_classifier_logloss
0.004891893269063756,0.7297827978839566,0.23363643155357083
