tstr_accuracy,tstr_f1_macro,tstr_f1_weighted,tstr_auroc,tstr_auroc_eval_coverage
0.6284191563420201,0.3146613722205752,0.7052458636168665,0.5586145067001668,0.9999960580413985
