class,real_count,synthetic_count,real_prop,synthetic_prop,abs_prop_diff
0,229787,207007,0.9058144118574583,0.9066847121482883,0.0008703002908300173
1,23893,21305,0.09418558814254178,0.0933152878517117,0.0008703002908300866
