class,real_count,synthetic_count,real_prop,synthetic_prop,abs_prop_diff
0,6665,6096,0.9258230309765245,0.9407407407407408,0.014917709764216247
1,534,384,0.07417696902347548,0.05925925925925926,0.01491770976421622
