class,real_count,synthetic_count,real_prop,synthetic_prop,abs_prop_diff
1,93,131,0.024655355249204668,0.034729586426299044,0.010074231177094377
2,191,232,0.05063626723223754,0.061505832449628844,0.010869565217391304
3,3488,3409,0.9247083775185578,0.9037645811240721,0.020943796394485736
