class,real_count,synthetic_count,real_prop,synthetic_prop,abs_prop_diff
0,229787,204095,0.9058144118574583,0.8939302358176531,0.011884176039805183
1,23893,24217,0.09418558814254178,0.10606976418234697,0.011884176039805183
