class,real_count,synthetic_count,real_prop,synthetic_prop,abs_prop_diff
0,6666,6391,0.9258333333333333,0.8876388888888889,0.03819444444444442
1,534,809,0.07416666666666667,0.1123611111111111,0.038194444444444434
