class,real_count,synthetic_count,real_prop,synthetic_prop,abs_prop_diff
0,229787,231486,0.9058144118574583,0.912511825922422,0.006697414064963714
1,23893,22194,0.09418558814254178,0.08748817407757806,0.006697414064963728
