class,real_count,synthetic_count,real_prop,synthetic_prop,abs_prop_diff
0,6665,6095,0.9258230309765245,0.9405864197530864,0.014763388776561914
1,534,385,0.07417696902347548,0.05941358024691358,0.0147633887765619
