class,real_count,synthetic_count,real_prop,synthetic_prop,abs_prop_diff
0,6666,6470,0.9258333333333333,0.8986111111111111,0.027222222222222148
1,534,730,0.07416666666666667,0.10138888888888889,0.027222222222222217
