class,real_count,synthetic_count,real_prop,synthetic_prop,abs_prop_diff
0,6666,6682,0.9258333333333333,0.9280555555555555,0.0022222222222222365
1,534,518,0.07416666666666667,0.07194444444444445,0.0022222222222222227
